,real_target,QS-Prediction,AS-Prediction
0,meningoencephalitis : causes,meningoencephalitis is a chronic disease . .,meningoencephalitis : physiology : causes physiological : treatments . physiologic syndrome : symptoms
1,ingrown nail : prevention,ingrown nail : prevention . click here for more information .,ingrown toe nails : physiology . diagnosis : causes . causes : treatments  physiologic ephemeral syndrome
2,hives : symptoms,hives symptoms : symptoms of a coma .,cutaneous condition|welts from hives . causes include allergic or nonallergic . urticarial vasculitis .
3,central diabetes insipidus : treatments,central diabetes insipidus is a disease characterized by ,desmopressin : treatments physiology : treatment physiologie . physiologic syndrome : prevention
4,amnesia : general,amnesia is the most populous country in the world .,amnesia : physiology : symptoms : causes  physiologic disease : treatments : diagnosis
5,intrinsic value (animal ethics) : general,intrinsic value (animal ethics) : a . .,intrinsic value of a human . he says animal rights advocates reaffirm the importance of intrinsic value . animal rights : physiology
6,common cold : diagnosis,common cold symptoms : diagnosis . : s,viral upper respiratory tract infection : symptoms . bronchitis : diagnose physiology : diagnosis : treatments
7,autosomal dominant polycystic kidney disease : physiology,autosomal dominant polycystic kidney disease : physio,adpkd : physiology : causes . ciliopathy|ciliopathies : symptoms
8,alcoholic cardiomyopathy : diagnosis,alcoholic cardiomyopathy is the most common disorder in the world .,enlarged heart on chest x-ray . symptoms include ecg abnormalities . alcohol abuse . diagnosis : diagnosis
9,hypohidrosis : treatments,hypohidrosis is a chronic disease . it can lead to,hypohidrosis : treatments - treatments : treatment . physiology of sjögren syndrome : therapies
10,vaginal yeast infection : diagnosis,vaginal yeast infection : diagnosis and treatment . u.,candidal vulvovaginitis : symptoms . physiology of candida : physiological
11,spinal tumor : physiology,spinal tumor . physiology : physiologist .,spinal cord : physiology . physiologic fibrosis : causes physiological : treatments : symptoms
12,night terror : diagnosis,night terror diagnosis : diagnosis of . swollen eyes ,sleep terror disorder : diagnose . physiology of a nervous system : diagnosis : diagnostic : treatments - treatments
13,pathology : diagnosis,pathology is the most common symptom in the u.s.,general pathology : physiology : treatments . san francisco disease : diagnostics : diagnosis
14,toxoplasmic chorioretinitis : physiology,toxoplasmic chorioretinitis :,congenital toxoplasma gondii : physiology . physiologic sclerosis : causes
15,presbycusis : physiology,presbycusis : physiology . .,presbycusis : physiology - physiologies : causes . physiologic presynthetic syndrome : symptoms
16,pectus excavatum : diagnosis,pectus excavatum : diagnosis . .,pectus excavatum . hepatitis c : diagnosis . physiologic systole : diagnose
17,hereditary breast–ovarian cancer syndrome : general,hereditary breast–ovarian cancer syndrome : a symptom,hereditary breast–ovarian cancer syndrome . he says genetic susceptibility to cancer mainly in women . cancer : causes
18,familial mediterranean fever : symptoms,familial mediterranean fever : symptoms . ,aa-amyloidosis : physiology : symptoms - symptoms : causes . socioeconomics
19,mucoepidermoid carcinoma : diagnosis,mucoepidermoid carcinoma : diagnosis . .,mucoepidermoid carcinoma : physiology . bronchial and salivary glands : diagnosis
20,rectovaginal fistula : general,rectovaginal fistula : a .,rectovaginal fistula : physiology : symptoms . physiologic fibrosis : diagnosis
21,coronary artery aneurysm : causes,coronary artery aneurysm : causes of .,acquired causes include atherosclerosis . kawasaki disease and coronary catheterization . congenital sclerosis : causes
22,specific language impairment : general,specific language impairment : a general apprehension .,specific language impairment : causes physiology : symptoms . sociology and social sciences : treatments physiologic : diagnosis
23,ganglioglioma : physiology,ganglioglioma : physiology .,ganglioglioma : physiology : treatments physiologic : causes . physiologist : symptoms
24,dehydration : prevention,dehydration is the prevention of a serious illness . .,thirst : physiology : treatments : prevention : interventions : causes : symptoms : responses to illness : general
25,neuromuscular junction : general,neuromuscular junction : systoma .,"neuromuscular junction (or myoneural junction), a chemical synapse . he says motor neuron : physiology"
26,hidradenitis suppurativa : general,hidradenitis suppurativa : general,hidradenitis suppurativa . he says underlying cause of disease is a combination of genetic and environmental factors .
27,gigantism : treatments,gigantism is a treatment for a serious disease .,"gigantism : treatments physiology : treatment . acromegaly, san francisco, edinburgh, daniel et al., psg: treatments"
28,immunodeficiency : causes,immunodeficiency : causes of a symptom .,immunodeficiency . causes : causes physiology . physiologies : symptoms . symptoms : physiologic
29,cystocele : causes,cystocele : causes of a coma .,a cystocele : physiology : causes physiological . physiologic fibromyalgenia : symptoms
30,lichen planus : symptoms,lichen planus symptoms : symptoms . a coma,lichen planus : physiology : treatments physiologique . physiologic syndrome : symptoms : diagnosis
31,multiple endocrine neoplasia type 2 : treatments,multiple endocrine neoplasia type 2 ,men2 patients : management : diagnosis : treatments : treatment : interventions  interventions ; treatments ; diagnosis ; treatment
32,spinal muscular atrophy : general,spinal muscular atrophy : a sclerosis . .,spinal muscular atrophy : physiology : symptoms : causes physiological . physiologic syndrome : general
33,lung abscess : symptoms,lung abscess . symptoms : symptoms . .,necrotizing staphylococcus . bacillary pneumonias . symptoms : physiology : causes . causes
34,wagr syndrome : symptoms,wagr syndrome . symptoms are common in england ,wagr syndrome : diagnosis physiology : treatments : diagnostic . diagnosis: treatments for gynaecologic diagnosis
35,aniseikonia : symptoms,aniseikonia is a chronic disease . .,"diplopia, suppression, eyestrain . hepatitis c . symptoms : causes . causes"
36,diabetic ketoacidosis : treatments,diabetic ketoacidosis . a symptom .,diabetic ketoacidosis . he says rehydration is a cause of adolescence : treatments
37,mucoepidermoid carcinoma : symptoms,mucoepidermoid carcinoma : symptoms . .,predilection towards female sex . hepatitis c : symptoms . symptoms : treatments . physiology
38,african horse sickness : diagnosis,african horse sickness is the most common condition in the uk .,presumptive diagnosis : diagnosis physiology : diagnostic . elisa and viral rna . diagnosis
39,mouth ulcer : diagnosis,mouth ulcer : diagnosis of a comorbidity .,malignant ulcer : diagnosis : treatments : symptoms : diagnostics . experts: treatments of oral cancer : diagnoses
40,morphea : general,morphea : a symbiosis,"morphea . a form of scleroderma . it involves patches of hardened skin on the face, hands, feet ."
41,infective endocarditis : prevention,infective endocarditis : prevention and prevention .,infective endocarditis . hexandroma : treatments . hezbollah et al.
42,hypopituitarism : physiology,hypopituitarism : physiology . .,pituitary gland : physiology : causes physiologic : mechanisms physiologique . symbiosis : symptoms
43,postcholecystectomy syndrome : diagnosis,postcholecystectomy syndrome syndrome : diagnosis .,retrograde cholangiopancreatography . esophagogastroduodenoscopy : physiology
44,congenital heart defect : symptoms,congenital heart defect symptoms : symptoms . eti,congenitalheartcase 133 . jpg|thumb|rights] image : stella mccartney .
45,subclavian steal syndrome : general,subclavian steal syndrome : a systo,subclavian steal syndrome . it is a constellation of sign (medicine)|signs and symptoms . he says it can be attributed to retrograde stenosis .
46,diastasis symphysis pubis : general,diastasis symphysis pubis :,diastasis symphysis pubis : physiology : symptoms : causes physiologic : treatments
47,radiculopathy : diagnosis,radiculopathy is the diagnosis of a symptom . ,radiculopathy of the left cervical spinal nerve 7 . he says symptoms include spondylosis with osteophytes . neurology: diagnosis
48,genital wart : diagnosis,genital wart syndrome : diagnosis of a coma,genital wart with h&e stain . hepatitis c : diagnosis . physiology
49,calciphylaxis : symptoms,calciphylaxis : symptoms of . .,calciphylaxis : physiology : treatments physiologique : causes physiologic : symptoms : diagnosis
50,zellweger syndrome : diagnosis,zellweger syndrome asymptomatic . hepat,peroxisomal zellweger syndrome . hepatic fibrosis : diagnostic . hepatosis
51,mental disorder : diagnosis,mental disorder is a common disorder in the u.s .,mental illness : diagnosis physiology : treatments : diagnostics - treatments - interventions . psychiatric diagnosis : diagnose
52,landau–kleffner syndrome : causes,landau–kleffner syndrome : causes . .,central nervous system vasculitis . symptoms of lks : causes . causes : physiology ; causes
53,hellp syndrome : physiology,hellp syndrome : physiology . click here for more ,hellp syndrome : physiology : causes . hepatocellular fibrosis : symptoms : treatments
54,trichuriasis : treatments,trichuriasis : treatments . u.,ivermectin . a symptom : treatments . treatments : therapies . . experts: treatments
55,congenital hypothyroidism : causes,congenital hypothyroidism : causes of . ,[{'summary_text': "congenital hypothyroidism . he says it's caused by termed dyshormonogenesis . hypoplastic gland : causes"}]
56,frontotemporal dementia : physiology,frontotemporal dementia : physiology . sy,dementia lacking distinctive histology . ftld-tau : physiology - diagnosis : diagnosis . diagnosis
57,carcinoid : general,carcinoid is a common disease . it can cause ,neuroendocrine tumor : causes physiology : symptoms : treatments . socio-economic ephemeral cancer : general
58,systemic scleroderma : symptoms,systemic scleroderma : symptoms . .,diffuse cutaneous scleroderma . symptoms include hypertension : physiology and physiologies . sclerosis : symptoms
59,california encephalitis orthobunyavirus : treatments,california encephalitis orthobunyavirus,acetaminophen . hepatitis c . symptoms : treatments . treatments : treatment : interventions
60,rectocele : symptoms,rectocele symptoms : symptoms of a coma ,rectocele . symptoms of bowel movement : causes . bowel disease : physiology : symptoms
61,calculus (medicine) : treatments,calculus (medicine) : treatments . click here for all the,[{'summary_text': "predisposing factors . physiologic physiology : treatments . st. mcdonald's ."}]
62,pectus excavatum : physiology,pectus excavatum : physiology .,thoracic diaphragm . physiology : causes . symptoms : symptoms . treatments : treatments
63,orofacial granulomatosis : diagnosis,orofacial granulomatosis : diagnosis .,granuloma ofg . sarcoidosis : causes . causes : physiology .
64,hyperoxia : general,hyperoxia : a systomy .,hyperoxia : physiology : causes . physiologic toxicity : symptoms : conditions . symptoms: causes: causes
65,sympathetic ophthalmia : general,sympathetic ophthalmia : a symptom .,sympathetic ophthalmia : physiology : symptoms . symbiosis : diagnosis
66,insulin resistance : physiology,physiology of insulin resistance : a symbiotic,visceral adiposity : physiology : causes : mechanisms physiologic . symbiosis : symptoms
67,frustration : symptoms,frustration : symptoms of a sympathetic state .,frustration : physiology : causes physiologic . physiological response : symptoms
68,biliary atresia : treatments,biliary atresia : treatments for bil,biliary atresia : physiology : treatments : interventions : prevention - interventions - intervention : diagnosis
69,gout : symptoms,gout symptoms : symptoms of a coma .,[{'summary_text': "image:gout2010 .jpg|thumb|upright image : posthumous's . posthumously ."}]
70,melkersson–rosenthal syndrome : treatments,melkersson–rosenthal syndrome : treatments . ,nonsteroidal anti-inflammatory drugs . treatments may include anti-immunosuppressants . treatment may include antibiotics and immunosuppression .
71,candidiasis : symptoms,candidiasis symptoms : symptoms of a coma,"esophageal candidiasis . symptoms include dysphagia, odynophagia, nausea ."
72,hepatic veno-occlusive disease : physiology,hepatic veno-occlusive disease : ,[{'summary_text': "venous endothelium veno-occlusive disease . vodi's symptoms are symptomatic ."}]
73,narration : general,what is narration . click here for all the latest samari,narrator is a general general general . he says narrative consists of general symbiosis . general : general
74,nyctalopia : causes,nyctalopia is a chronic disease . .,retinitis pigmentosa retinal detachment . medications include phenothiazines oguchi disease .
75,laryngomalacia : causes,laryngomalacia : causes of . .,laryngomalacia : physiology : symptoms : causes physiological : treatments . physiologic syndrome
76,sleepwalking : diagnosis,sleepwalking is a common disorder in the u.s.,sleepwalking disorder : diagnostic physiology : diagnosis . physiologic syndrome : diagnossia : treatments
77,anal sac adenocarcinoma : general,[{'summary_text': "anal sac adenocarcinoma : '"}],anal sac adenocarcinoma . apocrine glandular tumor : physiology . diagnosis: diagnosis
78,sciatica : diagnosis,sciatica diagnosis : diagnosis . sympathetic ,piriformis syndrome : diagnostic physiology : diagnosis . physiologic sciatica : diagnoses
79,veterinary medicine : general,veterinary medicine : a symbiotic system .,veterinary medicine : physiology : treatments physiologique . san francisco-born animal disease : treatment
80,dentin dysplasia : treatments,dentin dysplasia : treatments for the condition .,periapical abscesses and pulpal necrosis . he says treatment can lead to premature exfoliation and tooth mobility .
81,precocious puberty : treatments,precocious puberty : treatments for the disease .,gnrh agonist anastrozole . hepatitis c - a symptom : treatments
82,type 2 diabetes : physiology,type 2 diabetes : physiology . et al ,type 2 diabetes : physiology : causes : mechanisms physiologique . physiologic syndrome : symptoms
83,alveolar osteitis : symptoms,alveolar osteitis : symptoms . .,"alveolar osteitis . symptoms include swollen glands, erythema . bronchitis : symptoms"
84,lymphomatoid granulomatosis : physiology,lymphomatoid granulomatosis : physiology,ebv-infected malignant b-cells : physiology . physiologic relapse : causes
85,multicystic dysplastic kidney : diagnosis,multicystic dysplastic kidney disease : diagnosis . .,"mcdk . antenatal . diagnosis . symptoms : diagnosis, diagnosis, diagnoses . treatments : treatments"
86,thoracic outlet syndrome : general,thoracic outlet syndrome is the most common symptom in the world,"thoracic outlet syndrome . symptoms include edema, swelling, coldness, and pallor . syndrome : general"
87,x-linked ichthyosis : diagnosis,x-linked ichthyosis : diagnosis ,xli deficiency : diagnosis physiology : treatments physiologique : diagnostic physiologic : diagnoses
88,dependent personality disorder : treatments,dependent personality disorder : treatments . click here for more information .,dpd : treatments physiology : treatment physiotherapy . san francis edwards syndrome - treatments
89,obesity hypoventilation syndrome : diagnosis,obesity hypoventilation syndrome : diagnosis of a symptom ,obstructive sleep apnea . he says diagnosis varies from diagnosis to diagnosis . diagnosis : diagnosis
90,acute disseminated encephalomyelitis : treatments,acute disseminated encephalomyelitis :,corticosteroids : treatments - treatments : treatment : interventions : prevention : intervention : prévention : action : perspectives
91,abrasion (dental) : treatments,abrasion (dental) is a treatment for a,abrasion lesion : treatments physiology - treatments - physiologies - treatment : prevention : interventions
92,hepatorenal syndrome : causes,hepatorenal syndrome : causes of . .,hepatorenal syndrome : physiology : causes . cirrhosis . hepatosis
93,peliosis hepatis : treatments,peliosis hepatisis is the most common,azathioprine . remission in kidney transplant . partial resection of liver / liver transplantation .
94,sick building syndrome : diagnosis,sick building syndrome is a chronic disease characterized by a fever ,building-related illness : causes . hepatitis c : symptoms : diagnosis : treatments : diagnoses : general
95,onchocerciasis : causes,onchocerciasis : causes of disease . .,[{'summary_text': "'onchocerca volvulus' is a parasite . he ingests microfilaria : physiology"}]
96,leber congenital amaurosis : symptoms,leber congenital amaurosis . symptoms of leber,congenital syndrome : physiology : diagnosis . physiologic lca : treatments : diagnoses
97,chilblains : symptoms,chilblains : symptoms of a coma,pruritis in extremities dermatitis . erythema : physiology : causes . causes
98,rhinophyma : diagnosis,rhinophyma is a rare disease . it can cause ,rhinophyma . a skin biopsy . can confirm diagnosis . the diagnosis is a symptom of a fever .
99,sphincter of oddi dysfunction : physiology,sphincter of oddi dysfunction : physiology ,sphincter of oddi dysfunction . causes include stenosis . biliary dyskinesia
100,leukostasis : general,leukostasis is the most common disease in the world ,symptomatic hyperleukostasis : physiology : symptoms . physiologic leukemia : diagnosis
101,neurasthenia : symptoms,neurasthenia : symptoms of a coma .,neurasthenia : physiology : causes . socioeconomic repercussions of monetary system disease : symptoms
102,pyruvate carboxylase deficiency : diagnosis,pyruvate carboxylase deficiency : diagnosis,pyruvate carboxylase deficiency . symptoms are characterized by severity and severity of symptoms . physiology
103,orthostatic intolerance : diagnosis,orthostatic intolerance : diagnosis of . sclerosis ,oi : diagnoses : treatments . experts: treatments can help apoptosis . treatments can be asymptomatic .
104,expressive aphasia : general,expressive aphasia : asymptomatic .,expressive aphasia . he says speech is characterized by partial loss of the ability to produce language . speech : general
105,aura (symptom) : general,aura (symptom) : syst . :,epilepsy : physiology : symptoms : causes . experts say migraines : treatments : diagnosis
106,hemifacial spasm : causes,hemifacial spasm causes a disproportionate number of,hemifacial spasm . ephaptic synapse : physiology . diagnosis : causes
107,silicosis : symptoms,silicosis symptoms : symptoms of . bowel syndrome,chronic silicosis . symptoms include dyspnea . physiology : symptoms . expert: symptoms
108,tendinopathy : causes,tendinopathy is a common cause . it can cause a,achilles tendinitis calcific tendineitis patellar tendine . hepatitis c : causes
109,tick-borne disease : treatments,tick-borne disease is a common disease . it can cause ,tick-borne disease : diagnosis : treatments . experts : diagnose symptomatic ephemera : treatment
110,pneumothorax : general,pneumothorax is the most common disease in the u.s,a pneumothorax : physiology : symptoms : causes . socio-political pulmonary disease : treatments
111,onychomycosis : symptoms,onychomycosis symptoms : symptoms . .,fungal nail infection . symptoms include onychomycosis . dermatophytid : physiology
112,monckeberg's arteriosclerosis : symptoms,[{'summary_text': "monckeberg's arteriosclerosis symptoms : symptoms ."}],"[{'summary_text': ""mönckeberg's arteriosclerosis . symptoms include atherosclerosis, calciphylaxis .""}]"
113,crohn's disease : diagnosis,[{'summary_text': "crohn's disease : diagnosis . hepatitis"}],lichen nitidus . hexadecimal bowel disease . diagnosis : diagnosis physiology : treatments
114,budd–chiari syndrome : symptoms,budd–chiari syndrome symptom : symptoms of bud,fulminant syndrome : physiology . physiologic fibrosis : symptoms : diagnosis : treatments
115,epiglottitis : prevention,epiglottitis is the most common disease in the world .,hib vaccine . rifampin|rifampicin is a bacterial infection . it can be used to prevent the disease .
116,snoring : symptoms,snoring is a common disorder . it can cause,loud snoring : physiology : causes . socioeconomic reversal of abrasive pulmonary disease
117,infant respiratory distress syndrome : physiology,infant respiratory distress syndrome : physiology . sys,respiratory distress syndrome : physiology : prevention : treatments : diagnosis : interventions : causes : symptoms : diagnostics  sociology
118,pulmonary hypertension : diagnosis,pulmonary hypertension : diagnosis . a randomized controlled trial,pulmonary hypertension : diagnosis physiology : treatments : diagnoses : diagnostics . experts: diagnosis
119,heavy chain disease : general,heavy chain disease is a common occurrence in the u.s,heavy chain disease . causes : physiology - physiologie : causes . physiologic : treatments : general
120,protein s deficiency : general,protein s deficiency : a . .,protein s deficiency . causes of venous thrombosis : physiology . symptoms : symptoms
121,mycotoxin : general,mycotoxin : a skepticism .,[{'summary_text': "mycotoxin . he says the term 'fungus' is reserved for fungi that colonize crops . mycotoxins causing disease : causes"}]
122,chorea gravidarum : treatments,chorea gravidarum is a symbiotic ,"severe disabling chorea . valproic acid, chloral hydrate, or phenobarbital : treatments"
123,large intestine : general,large intestine : a symbiotic .,large intestine . he says general gastrointestinal tract . general hegema : physiology . global : general
124,psychomotor agitation : symptoms,psychomotor agitation : symptoms of a . .,psychomotor agitation . symptoms : physiology – symptoms – physiologic . physiotherapy : symptoms
125,crush syndrome : physiology,crush syndrome : physiology . senior ,crush syndrome : physiological physiology . hepatitis c : symptoms : causes physiologic diagnosis
126,liver abscess : treatments,liver abscess is a treatment for a chronic disease ,"iv metronidazole, cephalosporin/quinolone . -lactam antibiotics ."
127,complex regional pain syndrome : symptoms,complex regional pain syndrome . symptoms : symptoms of . .,"crps : symptoms : causes . symptoms: causes, causes : physiology : treatments . socioeconomics: causes"
128,serotonin syndrome : causes,serotonin syndrome : causes . elga,serotonin syndrome : physiology : causes physiologic : mechanisms physiologique . physiological toxicity
129,hepatitis c : diagnosis,hepatitis c - a symptom .,chronic hepatic fibrosis : diagnostic physiology . elisa|enzyme immunoassay : diagnosis
130,cryopyrin-associated periodic syndrome : treatments,cryopyrin-associated periodic syndrome : treatments . .,interleukin 1 beta|interleukine 1 . hepatitis c : physiology : treatments
131,major depressive disorder : diagnosis,major depressive disorder : diagnosis of . dr .,major depressive disorder : diagnostic physiology : diagnose . physiologic relapse - diagnosis : diagnosis
132,myelofibrosis : general,myelofibrosis is a chronic disease characterized by,[{'summary_text': "primary myelofibrosis . he says the term 'myeloproliferative neoplasm'"}]
133,anaplastic thyroid cancer : symptoms,anaplastic thyroid cancer is a common condition . it is ,"anaplastic thyroid cancer . symptoms include redness, swelling, esophageal sclerosis . hepatitis c : symptoms"
134,bornholm disease : causes,bornholm disease is a chronic disease . it is thought to,coxsackie b virus : physiology : causes . physiologic sclerosis : symptoms
135,henoch–schönlein purpura : physiology,henoch–schönlein purpura physiology .,henoch–schönlein purpura : physiology : symptoms . hippocampus syndrome : causes
136,ascariasis : causes,ascariasis : causes . syphilis,ascariasis : physiology : causes . socioeconomic toxicity : prevention : treatments : symptoms
137,sideroblastic anemia : general,sideroblastic anemia is the most common symptom in the world,sideroblastic anemia : physiology - physiologie : causes . hematological malignancies : general
138,vitamin e deficiency : treatments,vitamin e deficiency : treatments for the disease .,oral vitamin e supplementation . elga : treatments . treatments : prevention . prevention : prévention : treatment
139,neuralgia : treatments,neuralgia is a chronic disease . it can be ,neuronalgia : treatments . physiologic neuropathic pain . physiology : treatment
140,developmental language disorder : treatments,developmental language disorder . a general disorder characterized by a ,slt intervention : physiology - treatments - physiotherapy : treatments . autism spectrum disorder : therapies
141,polyuria : physiology,polyuria . physiology : physiotherapy .,polyuria in osmotic nephropathy . he says hyperglycaemic and obstructive polyurea play a role in diabetes .
142,kaposi's sarcoma : treatments,[{'summary_text': "kaposi's sarcoma : treatments ."}],kaposi sarcoma . he says treatment can slow or stop the progression of ks . but treatment can be a cure for k-related disease .
143,myelophthisic anemia : physiology,myelophthisic anemia : physiology .,myelophthisis . cytokines that simulate fibroblastic proliferation and fibrosis in the marrow .
144,volvulus : diagnosis,volvulus is a disease characterized by sclerosis .,colonic volvulus . diagnosis of edematous colonic obstruction : diagnosis . consultant san francisco-based disease : diagnostic
145,retinopathy of prematurity : general,retinopathy of prematurity : a .,retinopathy of prematurity . he says rop : causes physiology . causes : physiologie
146,oculopharyngeal muscular dystrophy : diagnosis,oculopharyngeal muscular dystrophy : diagnosis,oculopharyngeal muscular dystrophy . diagnosis of octopoid arthritis : diagnosis : treatments
147,complex regional pain syndrome : prevention,complex regional pain syndrome : prevention . click here for more information ,vitamin c may be useful in prevention of the syndrome . septicemia - a symptom : prevention . prevention
148,rhabdomyolysis : diagnosis,rhabdomyolysis : diagnosis of . .,rhabdomyolysis . hepatitis c : diagnosis : treatments  physiologic syndrome : diagnostic
149,abscess : treatments,abscess is a chronic disease . it can lead to,an uncomplicated skin abscess . he says antibiotics can cause recurrence if they are asymptomatic . antibiotics : treatments
150,glomus tumor : symptoms,glomus tumor symptoms : symptoms of . swollen,glomus tumor : treatments physiology - treatments - physiologic . symbiosis : symptoms
151,bunion : diagnosis,bunion is a common condition . it can affect a person,hallux valgus angle . x-ray : diagnoses : diagnosis - diagnosis : diagnostic . physiology
152,thiamine deficiency : symptoms,thiamine deficiency asymptomatic . .,"gastrointestinal beriberi . symptoms include weight loss, emotional disturbances . edema : physiology : symptoms"
153,sulfatidosis : causes,sulfatidosis : causes of disease . .,sulfatase insufficiency . symptoms : causes . causes : physiology ; causes
154,monoclonal gammopathy of undetermined significance : symptoms,monoclonal gammopathy of undetermined significance . ,"monoclonal gammopathy . symptoms include numbness, tingling, nephropathy . physiology"
155,onychomycosis : diagnosis,onychomycosis is the most common symptom .,onychomycosis : diagnose : diagnosis : diagnostic . biologist disease : treatments
156,optic neuritis : treatments,optic neuritis : treatments . a randomized controlled trial,optic neuritis . he says corticosteroid treatment asymptomatic . neurodegenerative sclerosis : treatments
157,vascular dementia : prevention,vascular dementia is the prevention of a coma . ,vascular dementia . he says diagnosis . symptoms : prevention . hepatitis c : treatments physiology
158,angioimmunoblastic t-cell lymphoma : symptoms,angioimmunoblastic t-cell lymphom,pruritus|pruritic skin rash : physiology : symptoms - symptoms : diagnosis . sociology
159,lactose intolerance : diagnosis,lactose intolerance : diagnosis of . .,"lactose intolerance . he says diagnosis focuses on regulating bowel disease . in vivo, diagnosis : diagnosis"
160,hearing : general,what is hearing is a brief briefing on a hearing .,auditory perception : physiology : general : causes . sociology: causes of hearing : symptoms : treatments physiologic
161,organophosphate poisoning : diagnosis,organophosphate poisoning is a common cause . .,organophosphate poisoning . he says op metabolites in blood and urine are symptomatic . histopathology : diagnosis
162,rheumatic fever : symptoms,rheumatic fever symptom : symptoms . .,"tonsillar exudate in a 16-year-old . symptoms include: fever, painful joints with changes with time ."
163,hypothyroidism : general,hypothyroidism : a general symptom . ,hypothyroidism : physiology : symptoms : causes  physiologic symbiosis
164,right ventricular hypertrophy : causes,right ventricular hypertrophy causes a disproportionate number of people ,pulmonary hypertension . he says rvh varies based on causes . symptoms : causes physiology .
165,cough : general,cough is a common occurrence in the u.s .,cough : physiology : symptoms : treatments . experts say symptoms may be symptomatic : prevention : interventions
166,lactic acidosis : diagnosis,lactic acidosis is the most common diagnosis . .,acid-base disturbances . venous blood tests : alternative . alternative : alternatives . abrasion : treatments
167,chronic paroxysmal hemicrania : causes,chronic paroxysmal hemicrania : causes .,mehta et al. diagnosed with cph . symptoms include aneurysms in the circle of willis .
168,opioid : general,the opioid crisis : a symbiotic ad,opioids : physiology : treatments : causes . socio-economic euphoria : symptoms
169,mesenteric ischemia : symptoms,mesenteric ischemia symptoms : symptoms . .,"mesenteric ischemia . symptoms include abdominal bloating, bowel peristalsis . syndrome : symptoms : diagnosis"
170,psychoanalysis : general,psychoanalysis : a sympathetic psychia,psychologist sigmund freud : physiology . he says psychiatry is a determinant of mental health . neurology
171,neonatal jaundice : causes,neonatal jaundice : causes . sym,membrane conditions spherocytosis hereditary elliptocytose deficiency . globin synthesis defect sickle cell disease alpha-thalassemia
172,b-cell lymphoma : general,b-cell lymphoma : symptomatic .,b-cell lymphoma . hepatitis c : physiology : treatments . physiologic lymphomic disease : treatment
173,myasthenia gravis : diagnosis,myasthenia gravis is a rare symptom .,congenital myasthenia gravis . diagnosis : diagnose physiology : diagnosis . diagnose : treatments for physiologic maladies
174,postherpetic neuralgia : prevention,postherpetic neuralgia : prevention . .,postherpetic neuralgia . he says he can prevent phn from occurring in nonimmune children .
175,choanal atresia : general,choanal atresia is a symptom of,choanal atresia : physiology : symptoms : causes . causes : mechanisms physiologic : treatments
176,achondroplasia : diagnosis,achondroplasia asymptomatic : diagnosis .,margaret theresa of spain achondroplasia . he says diagnosis can be done by prenatal ultrasound . histopathology
177,myositis ossificans : diagnosis,myositis ossificans : diagnosis ,myositis ossificans . diagnosis is based on diagnosis of acoustic sarcoma .
178,paternalism : general,paternalism is a general scepticism . it is,[{'summary_text': "paternalism is a person's or group's liberty . he says he thinks it is appropriate towards children ."}]
179,myxoma : general,myxoma : u.s. ::,myxoma . is a common tumor of primitive connective tissue . can occur in other areas of the heart .
180,enteritis : causes,enteritis is a common disorder that causes a disorder .,eosinophilic enteropathy : physiology : causes . physiologic disease : symptoms
181,alkaptonuria : symptoms,alkaptonuria symptoms : symptoms of . a ,black bone disease . symptoms include sclera and corneal limbus . physiology : treatments . treatments
182,vaginitis : diagnosis,vaginitis is a rare disease . it can cause,vaginal wet mount : diagnostic . hepatitis c : diagnose : diagnosis : treatments
183,congenital syphilis : treatments,congenital syphilis : treatments . .,congenital syphilis : treatments - treatments – physiology – treatment – interventions – treatments : prevention
184,cyclosporiasis : causes,cyclosporiasis : causes of disease .,cyclosporiasis . hepatitis c : physiology : causes . causes: causes
185,orthohantavirus : general,orthohantavirus is a virus that can affect a person,orthohantavirus . hantaviridae : causes . causes : cause . . experts: causes
186,congenital hypothyroidism : general,congenital hypothyroidism : a general .,congenital hypothyroidism : physiology : symptoms : causes . socioeconomic status : treatments
187,psoriatic arthritis : symptoms,psoriatic arthritis symptoms : symptoms of . .,psoriatic arthritis : physiology : causes . physiologic arthritis - physiological : symptoms
188,sideroblastic anemia : causes,sideroblastic anemia is a common cause . .,sideroblastic anemia . causes include granular deposition of iron in the mitochondria . skewed x-inactivation :
189,mucormycosis : symptoms,mucormycosis symptoms : symptoms of . .,mucormycosis . symptoms include nausea and vomiting . bronchitis : symptoms . physiology
190,anovulation : general,anovulation : a luther .,anovulation : causes physiology : treatments : symptoms : diagnosis : diagnostic : physiologies : general : prevention
191,hidradenitis : treatments,hidradenitis is a chronic disease . .,hidradenitis : treatments physiology . physiologic sclerosis - treatments : treatment
192,myxosarcoma : general,myxosarcoma : a symptom .,myxosarcoma : causes . causes physiology . hepatitis c – sclerosis .
193,membranoproliferative glomerulonephritis : diagnosis,membranoproliferative glomerulonephriti,the gbm is rebuilt on top of the deposits . a mesangial cellular cellularity is increased .
194,liddle's syndrome : general,[{'summary_text': "liddle's syndrome is the most common symptom in the world"}],"[{'summary_text': ""liddle's syndrome . it is a genetic disorder inherited by autosomal dominance . symptoms include hypertension, hypertension and hypertension .""}]"
195,rinderpest : general,rinderpest is a london city .,rinderpest : physiology : symptoms : causes . socio-economic epidemic disease : treatments
196,vitelliform macular dystrophy : general,vitelliform macular dystrophy : a symptom,"vitelliform macular dystrophy . it is characterized by yellow (or orange), round structures similar to yolk . the macula is responsible for sharp central vision ."
197,ventilator-associated lung injury : prevention,ventilator-associated lung injury : prevention . u.s,cyclic atelectasis : physiology - prevention . alveolar overdistension : prevention
198,intermenstrual bleeding : causes,intermenstrual bleeding : causes of a . .,cervicitis endometritis adenomyosis . ovarian syndrome : physiology
199,scleritis : symptoms,scleritis is a chronic disease characterized by a,scleritis . symptoms include redness of the sclera . conjunctivitis : symptoms
200,café au lait spot : general,café au lait spot is a great place to visit . ,[{'summary_text': "'café au lait'' spots . they are caused by pigment-producing melanocytes in the epidermis of the skin ."}]
201,hematospermia : general,hematospermia is the most common disease in the,hematospermia . hepatitis c : physiology : general physiologies - general
202,neurasthenia : general,neurasthenia is a syphilia .,neurasthenia : diagnoses : diagnostic . psychiatric disorder : diagnosis : treatments physiology - diagnosis
203,lyme disease : symptoms,lyme disease symptoms : symptoms . sympathetic,lyme disease : physiology - symptoms : symptoms physiologic : causes . socio-economic factors
204,dental fluorosis : diagnosis,dental fluorosis : diagnosis of a serious condition .,dental fluorosis : diagnosis physiology : diagnostics : treatments : diagnoses . pediatrician ephemeral fluoride : symptoms
205,biological psychiatry : treatments,biological psychiatry . treatments are available in the uk,mental disorders : treatments physiology - treatments - physiologies - treatment . physiologic syndrome : therapies
206,ulcerative colitis : physiology,ulcerative colitis : physiology . elg,ulcerative colitis : physiology : causes . sulfate-reducing fatty acid : mechanisms
207,dissociative identity disorder : treatments,dissociative identity disorder is a disorder characterized by a ,"did treatment : treatments : treatment . experts: treatments can be asymptomatic . treatments can vary based on diagnosis, diagnosis, treatment physiology . authors: treatments"
208,frontotemporal lobar degeneration : diagnosis,frontotemporal lobar degeneration : diagnosis . .,frontotemporal lobar degeneration : physiology : diagnosis - diagnosis : treatments : diagnostic : interventions : responses
209,hypoalbuminemia : causes,hypoalbuminemia is a common cause . a symptom,hypoalbuminemia : physiological physiology : causes . physiologic fibromyeloma : symptoms
210,autosomal dominant polycystic kidney disease : diagnosis,autosomal dominant polycystic kidney disease : diagnosis ,intracranial aneurysm . diagnosis of adpkd is a process of diagnosis . he says diagnosis can be a diagnostic tool .
211,mucinous carcinoma : general,mucinous carcinoma is a common disease . it is ,mucinous carcinoma . general : general . general adolescent lymphoma . diagnosis
212,urachal cyst : diagnosis,urachal cyst is the most common disease in the u.s,urachal cysts . symbiosis - diagnosis - physiology . diagnosis : diagnosis / diagnosis
213,methemoglobinemia : physiology,methemoglobinemia : physiology . .,tetrameric hemoglobin . hepatitis c – physiology : physiologie .
214,post-concussion syndrome : treatments,post-concussion syndrome : treatments for the disease .,post-concussion syndrome . symptoms : treatments physiology - treatments . experts - treatment - interventions in general
215,hypervitaminosis a : physiology,hypervitaminosis a : physiology .,preformed vitamin a : absorption & storage . hepatitis c : physiology : symptoms
216,nerve compression syndrome : treatments,nerve compression syndrome is a chronic disease . it is the most common,neuropathy : treatments physiology : treatment . physiologic emphysicist syndrome - treatments
217,buruli ulcer : prevention,buruli ulcer : prevention . u.s :,bacillus calmette-guérin . bacterium ulcerans - a bacterial - may . offer temporary protection .
218,dream : general,dream : what is dream . click here for more information .,dreams : physiology : causes physiologic : treatments . sociology: causes of psychiatric relapse : symptoms
219,burkholderia : general,[{'summary_text': "burkholderia : 'i'm not a"}],genus burkholderia . he says it is a symptom of melioidosis . disease : causes
220,extensively drug-resistant tuberculosis : treatments,extensively drug-resistant tuberculosis : treatments .,xdr-tb disease : treatments - treatment - physiology - treatments : treatment : therapies  socio-economic factors
221,goitre : general,goitre : a symbiotic sex,goitre . er|or goiter : physiology . a thyroid deficiency : causes
222,prediabetes : general,prediabetes : u.s. eu ,diabetes mellitus : diagnosis physiology : treatments physiologique : diagnostic physiologies : symptoms : general
223,incisional hernia : causes,incisional hernia : causes of . .,incisional hernias : physiology : causes physiologic : symptoms . symptoms: causes of illness – causes
224,dysgeusia : general,dysgeusia : symbiosis ,dysgeusia : physiology : symptoms : causes . socio-economic status of dysgeuda - symptoms
225,angelman syndrome : treatments,angelman syndrome is a chronic disease . it is thought to be,angelman syndrome : treatments physiology . physiologic symbiosis . symptoms : prevention
226,animal communication : general,animal communication : a guide to the world . : general,animal communication : generalism : physiology . physiological biology - general : diagnosis : treatments
227,mesothelioma : prevention,mesothelioma is a rare disease .,mesothelioma : prevents physiology . experts say prevention is a good idea . expert says prevention can be a problem .
228,wolfram syndrome : general,wolfram syndrome is a chronic disease characterized by a ,wolfram syndrome . causes childhood-onset diabetes mellitus . affects the central nervous system (especially the brainstem)
229,tooth ankylosis : diagnosis,tooth ankylosis is a rare disease . it can cause,tooth ankylosis : diagnostic physiology : diagnosis . physiologic fibromyalgia : diagnoses
230,itch : symptoms,itch symptoms : symptoms of a comorbid .,itch : physiology : treatments physiologic : interventions . socio-economic stress : responses : symptoms
231,ranula : treatments,ranula is a disease characterized by sclerosis .,ranulae . re-establish a connection with the oral cavity . the asymptomatic sublingual gland .
232,near-sightedness : causes,near-sightedness is the cause of a coma .,myopia : physiology - causes : causes physiological : treatments . socioeconomic ephemeral dysplasia . causes
233,hemolytic anemia : general,hemolytic anemia : systoma .,hemolytic anemia . he says general hepatitis c : physiology . general spleen : symptoms
234,trachoma : causes,trachoma : causes of a coma .,trachoma : physiology : causes . physiologic syndrome - causes - physiological diagnosis
235,giant-cell arteritis : symptoms,giant-cell arteritis : symptoms of . .,giant-cell arteritis . symptoms include bruits fever headache . aortic aneurysm : diagnosis
236,food intolerance : causes,food intolerance is a common cause . it can lead to,food intolerance : physiology - symptoms : causes physiologic : symptoms . socio-economic status - causes
237,uterine perforation : general,uterine perforation : a general . .,uterine perforation : physiology : causes physiological . physiologic complication : symptoms
238,sleep deprivation : general,sleep deprivation : a general symptom . ,sleep deprivation : physiology : symptoms : causes . socioeconomics : treatments: treatments
239,mastoiditis : treatments,mastoiditis treatments : treatments . click here for,mastoiditis in developed countries . eustachian tube infection : treatments : treatment : therapies . expert expert . expert: treatments
240,hyperemesis gravidarum : general,hyperemesis gravidarum : a . ,"hyperemesis gravidarum . symptoms include nausea, vomiting, weight loss and dehydration . they include thyrotoxicosis, overactive thyroid ."
241,hypothermia : causes,hypothermia is a chronic disease . it causes a,hypothermiaage jpg|thumb|left|right|rightst image : physiology .
242,dysplastic nevus syndrome : diagnosis,dysplastic nevus syndrome : diagnosis . u.s,melanocytic nevi : definition fammm - definition - physiology . atypical melonoma : diagnosis
243,balanitis : symptoms,balanitis symptoms : symptoms of a coma ,balanitis . symptoms can include: physiology . physiologic syndrome – symptoms – physiotherapy .
244,paraphilia : general,paraphilia is a syria .,paraphilia : physiology : causes . physiologic paraphilis : treatments : general
245,sleep paralysis : general,sleep paralysis : a common symptom : sleep .,rem sleep paralysis : physiology : general . physiologic paralysis syndrome : symptoms : causes
246,taeniasis : transmission,taeniasis : transmission . u.s,taeniasis . hepatitis c : physiology : treatments physiologique . treatments
247,idiopathic orbital inflammatory disease : physiology,idiopathic orbital inflammatory disease : physiology,idiopathic orbital inflammation : physiology - diagnosis : causes . physiologic ioi : symptoms
248,gene duplication : general,gene duplication : a systicism .,gene duplication (or chromosomal duplication) is a major mechanism through which new genetic material is generated during molecular evolution . it can be defined as any duplication of a region of dna .
249,near-sightedness : prevention,near-sightedness is the prevention of sightedness . .,bifocal and progressive lenses . scleral reinforcement surgery : physiology . diagnosis : prevention : treatments
250,right ventricular hypertrophy : physiology,right ventricular hypertrophy : physiology . .,right ventricular hypertrophy : physiology : causes : mechanisms physiologique . physiological : pathways
251,dandy–walker malformation : symptoms,dandy–walker malformation . symptoms are common .,dandy–walker variant . he says dwm asymptomatic syringomyelia . neuropathy : symptoms
252,donohue syndrome : diagnosis,donohue syndrome is a rare disease . .,donohue syndrome . diagnosis : diagnosis . epidemiology : treatments : diagnoses : diagnostics . consultant: diagnosis
253,refeeding syndrome : treatments,refeeding syndrome is a chronic disease . it is ,critically ill refeeding syndrome : treatments physiology : treatment physiologie . rebirth : diagnosis
254,mitral insufficiency : physiology,mitral insufficiency : physiology and physio,acute phase acute mr . causes a sudden volume overload of both the left atrium and the left ventricle . cause : physiology
255,mucormycosis : general,mucormycosis is the most common disease in the world ,mucormycosis . he says disease characterized by hyphema . disease : causes . causes
256,necrotizing enterocolitis : diagnosis,necrotizing enterocolitis : diagnosis of . .,[{'summary_text': "bell's stage 2 (definite disease) diagnosis : diagnostic physiology . experts say diagnosis is a symptomatic symptom ."}]
257,pelvic inflammatory disease : prevention,pelvic inflammatory disease : prevention . u.s.,pelvic inflammatory disease . sex partners may have a sexually transmitted infection . sexual monogamia : prevention
258,kwashiorkor : causes,[{'summary_text': "kwashiorkor's causes : causes of ."}],kwashiorkor : physiology : causes . physiologic etiology : symptoms
259,picornavirus : general,picornavirus is a virus that causes a complication,picornaviridae : physiology : general physiologies - general . hepatitis c : causes
260,high-grade prostatic intraepithelial neoplasia : diagnosis,high-grade prostatic intraepithelial neop,hgpin . a pathologist . can diagnose it . it is a symptom of a brain tumour .
261,cholecystitis : symptoms,cholecystitis : symptoms . .,cholecystitis . symptoms include biliary colic . symptomatic recurrent : symptoms
262,hereditary elliptocytosis : physiology,hereditary elliptocytosis : physiology,hereditary elliptocytosis . erythrocytes deformed by passing through capillary : physiology
263,lateral medullary syndrome : causes,lateral medullary syndrome : causes of . .,cerebellum artery : physiology : causes physiologic . physiological esophageal vascular disease : symptoms
264,cholecystitis : diagnosis,cholecystitis is a chronic disease .,chronic cholecystitis : diagnose . adolescent lymphomyelitis : diagnosis
265,tangier disease : general,tangier disease : a symbiosis,tangier disease or hypoalphalipoproteinemia . symptoms include severe reduction in the amount of high density lipoprotein .
266,migraine : physiology,migraine physiology : physiotherapy . elg,migraine : physiology - physiologies : causes : symptoms : mechanisms physiologique . sociology : treatments
267,cellulitis : symptoms,cellulitis is a common condition . it can cause a,cellulitis . symptoms symptoms : symptoms . diagnosis : diagnosis . treatments : diagnoses . dermatologists
268,space adaptation syndrome : causes,space adaptation syndrome causes a disproportionate number of people to develop .,motion sickness : physiology : treatments . physiologic syndrome : treatment physiological esophageal arthritis : symptoms
269,criminal psychology : general,criminal psychology is the most common practice in the uk . .,criminal psychology . general : physiology . physiologie : general . parasystrophy . physiologic psychiatry .
270,biotinidase deficiency : symptoms,biotinidase deficiency : symptoms .,"biotinidase deficiency . symptoms include hypotonia, muscle/limb weakness . alopecia : symptoms"
271,x-linked intellectual disability : general,x-linked intellectual disability is a common disorder . it is,x-linked intellectual disability : physiology : general physiologies - general . syndroma : symptoms
272,hypothalamus : general,hypothalamus : systoma :,hypothalamus : physiology - Physiology : general . sociology and neuroanatomy - general
273,diplopia : diagnosis,diplopia is a common disorder . it can cause a,diplopia : diagnoses : diagnosis : treatments . experts : diagnosing ephemera : diagnostic
274,schizoid personality disorder : treatments,schizoid personality disorder : treatments for . .,schizoid personality disorder . he says treatment can be a cure for depression . psychoanalytic therapy : treatments
275,megalencephaly : general,megalencephaly : a syringe ,megalencephaly (or abbreviated meg) is a growth development disorder . it is characterized by a brain with an average weight of 2.5 standard deviation .
276,rumination syndrome : treatments,rumination syndrome is a chronic disease characterized by a,rumination : treatments physiology . physiologic aversion syndrome : treatment physiological : prevention
277,mycoplasma : physiology,mycoplasma physiology : physio . .,mycoplasma genitalium . causes of cervicitis : physiology . hepatosis
278,mesenteric ischemia : treatments,mesenteric ischemia is a chronic disease . it,non-occlusive mesenteric ischemia . hepatitis c - a sclerosis : treatments
279,proctitis : causes,proctitis : causes of a coma .,radiation proctitis . causes include irradiation or sexually transmitted infection . cause of sex with partner : causes
280,eclampsia : physiology,eclampsia : physiology and physio,eclampsia : physiology : causes . symbiosis . physiologic
281,seborrheic keratosis : treatments,seborrheic keratosis : treatments ,"seborrheic keratosis . treatments are not necessary, except for aesthetic reasons . treatment is not necessary ."
282,shwachman–diamond syndrome : physiology,shwachman–diamond syndrome : physiology ,eukaryote : physiology : causes : mechanisms physiological . sbds gene : general
283,cadaver : general,cadaver : a guide to the u.s.,cadaver . a general general general . general adolescence : physiology and physiologie .
284,voyeurism : general,voyeurism is the most common disease in the world ,[{'summary_text': "voyeurism . he says it's a general general . general heaviness : physiology"}]
285,lambert–eaton myasthenic syndrome : treatments,lambert–eaton myasthenic syndrome : treatments,"3,4-diaminopyridine . physiology : treatments : treatment . ephemeral symbiosis"
286,paraphilia : diagnosis,paraphilia : diagnosis and diagnosis . u.s,sexual fetishism : diagnoses : diagnosis : treatments . socio-economic psychiatric syndrome : symptoms
287,tracheoesophageal fistula : treatments,tracheoesophageal fistula :,anastomosis : surgical resection . physiology : treatments . treatments : diagnosis .physiology
288,microvascular angina : causes,microvascular angina : causes of a coma .,microvascular angina : physiology - causes physiologic : causes : symptoms : treatments : conditions : general
289,peptic ulcer disease : treatments,peptic ulcer disease is a common disease . it can cause,stent thrombosis : treatments physiology : treatment physiologies – treatments – treatment – physiotherapy – interventions – therapies
290,histoplasmosis : prevention,histoplasmosis is the most common disease in the world ,histoplasmosis : prevention & prevention : treatments . experts: prevention of infection - prevention – prevention
291,postpericardiotomy syndrome : diagnosis,postpericardiotomy syndrome : diagnosis of . .,pericardial friction rub . bronchitis : physiology . symptoms : symptoms . diagnosis : treatments
292,nasal congestion : treatments,nasal congestion treatments : treatments for a coma . ,alpha-adrenergic agonists . they relieve congestion by constricting blood vessels in the nasal cavity . hay fever : treatments
293,narcotherapy : general,narcotherapy is the most popular treatment in the world .,narcotherapy originating in china . it disables the body or one part temporarily by drugs or acupuncture . the treatment is usually used in surgical operations .
294,heart failure : prevention,heart failure is the prevention of a comorbid disorder .,"heart failure : physiology : prevention : treatments . socioeconomics, social sciences : interventions - treatments - prevention"
295,phimosis : treatments,phimosis . treatments are available in the uk .,physiologic phimosis : treatments physiology . san francisco syndrome : treatment physiological diagnosis
296,lymphedema : physiology,lymphedema : physiology . et al,lymph : physiology : treatments physiologies - treatments - Physiology . sociology: treatments
297,gunshot wound : prevention,gunshot wound : prevention . u.s. embassy,criminal background check . helen saunders: prevention . heilen schneier: prevention
298,lamellar ichthyosis : treatments,lamellar ichthyosis : treatments ,ichthyosis . prevention of overheating eye drops . physiotherapy : treatments .
299,hypoaldosteronism : diagnosis,hypoaldosteronism : diagnosis of . .,hypoaldosteronism . diagnosis may be mediated by adrenocortical adenoma .
300,sarcoma : physiology,sarcoma physiology : physiotherapy .,dermatofibrosarcoma : physiology : causes physiological : mechanisms . ewing savage syndrome
301,cutaneous leishmaniasis : general,cutaneous leishmaniasis : a symptom .,cutaneous leishmaniasis . it is caused by a trypanosomatid|single-celled parasite .
302,arteriolosclerosis : general,arteriolosclerosis is the most common disease in the u.s,hyaline arteriolosclerosis . hepatitis c : physiology . physiologic sclerosis
303,hepatopulmonary syndrome : general,hepatopulmonary syndrome : asymptomatic . ,hepatopulmonary syndrome . causes of shortness of breath and hypoxemia . cause of death : causes . symptoms
304,thyroglossal cyst : general,thyroglossal cyst : a symptom ,thyroglossal cyst . hepatitis c : physiology : general physiologies - general
305,hepatitis : symptoms,hepatitis symptoms : symptoms of a fever .,"acute viral hepatitis . symptoms include fatigue, nausea, vomiting, poor appetite . hepatocellular carcinoma : symptoms"
306,pulmonary hypertension : symptoms,pulmonary hypertension : symptoms . a coma ,pulmonary hypertension . symptoms include shortness of breath while lying flat or sleeping . signs include a right atrial enlargement .
307,aniseikonia : causes,aniseikonia is a chronic disease . .,retinal image size : physiology : causes . symbiosis : treatments : diagnosis
308,susac's syndrome : general,[{'summary_text': "susac's syndrome is the most common symptom in the world"}],[{'summary_text': "susac's syndrome . causes of encephalopathy : physiology . symptoms : symptoms . sociology"}]
309,depression : general,depression : a sympathetic . .,depression may refer to a general symptom . symptoms may be referred to as symptomatic . asymptomatic symptoms : symptoms
310,aorta : general,aorta is a major city in the world .,aortic bifurcation . hepatitis c : physiology . diagnosis : causes . causes
311,intrauterine growth restriction : treatments,intrauterine growth restriction : treatments for the disease . .,intrauterine growth restriction : treatments . parents whose fetus is diagnosed with iugr disease : prevention
312,epileptic seizure : diagnosis,epileptic seizure : diagnosis of a symptom ,epileptic seizure : diagnose physiology . acute symptomatic seizures : diagnosis : treatments
313,hyperglycemia : diagnosis,hyperglycemia : diagnosis of a symptom .,hyperglycemia : treatments - treatments : diagnosis : diagnostic : prevention : interventions : san francisco
314,degenerative disc disease : diagnosis,degenerative disc disease degenerative disease : diagnosis . - ,"[{'summary_text': ""degenerative disc disease . diagnosis consists of a diagnosis involving a patient's individual medical history . x-ray reveals weakness, tenderness or poor range of motion .""}]"
315,myelodysplastic syndrome : diagnosis,myelodysplastic syndrome is a chronic disease . ,eosinophilic cytopenia : diagnostic physiology : diagnosis . physiologic sclerosis : treatments
316,cognitive dissonance : general,cognitive dissonance : a common symptom . .,cognitive dissonance : physiology : causes : treatments physiologic : symptoms : mechanisms physiologique : responses :
317,prader–willi syndrome : diagnosis,prader–willi syndrome : diagnosis of . .,pws syndrome : diagnose physiology - diagnosis : diagnosis . edward sandra stefani : treatments
318,congenital afibrinogenemia : treatments,congenital afibrinogenemia : treatments ,transfusions of cryoprecipitate or blood plasma . symptoms of the disorder are not known . they are common in u.s.
319,hyperuricemia : general,hyperuricemia : a common symptom . .,hyperuricemia : physiology - physiologie : causes . physiologic syndrome : symptoms
320,pseudolymphoma : general,pseudolymphoma : a sympathetic ,"pseudolymphoma . it resembles cutaneous lymphoma histologically, clinically, or both ."
321,suicidal ideation : prevention,suicidal ideation is the prevention of a serious injury ,suicidal ideation : prevention - prevention : treatments - prévention : interventions . experts: treatments
322,mucormycosis : diagnosis,mucormycosis : diagnosis of . bowel disease,mucormycosis : diagnosis physiology : diagnostic physiologic : treatments : diagnoses : symptoms : causes
323,raynaud syndrome : symptoms,raynaud syndrome . symptoms are not uncommon . ,[{'summary_text': "raynaud's . symptoms include nipples . bronchitis : causes . causes"}]
324,rett syndrome : diagnosis,rett syndrome is a rare disease . it can cause,rett syndrome : diagnose physiology : diagnosis . scoliosis and kyphosis diagnosis
325,wolff–parkinson–white syndrome : diagnosis,wolff–parkinson–white syndrome : diagnosis .,wolff–parkinson–white syndrome . symptoms include slurred upstroke in the qrs complex . diagnosis
326,factor vii : general,factor vii : a san francisco .,factor viia : physiology : causes physiologic . physiological esophageal hemophilia 
327,systemic lupus erythematosus : physiology,systemic lupus erythematosus :,lupus erythematosus : physiology : causes physiological : treatments . experts: symbiotics
328,urogenital tuberculosis : general,urogenital tuberculosis : a ,urogenital tuberculosis . affects the u.s. and uruguay .
329,hypoproteinemia : diagnosis,hypoproteinemia is the diagnosis of a serious illness . .,hypoproteinemia : physiology : causes . sanitis : symptoms : treatments : diagnosis
330,unverricht–lundborg disease : physiology,unverricht–lundborg disease : physiology .,unverricht–lundborg disease . he says a lack of cystatin b causes a decrease in excitability .
331,intestinal pseudo-obstruction : treatments,intestinal pseudo-obstruction : treatments for the disease .,intestinal pseudo-obstruction : treatments - treatments : treatment : therapies : interventions : prevention : diagnosis . experts: treatments
332,carcinoma : general,carcinoma : a sympathetic sclerosis .,carcinoma : physiology : symptoms : causes . sociology: treatments physiologic : treatments
333,fowlpox : treatments,fowlpox : treatments for the disease . ,pigeonpox : treatments : prevention . experts: treatments to prevent invasive bowel disease . treatments to treat the virus
334,diffuse esophageal spasm : symptoms,diffuse esophageal spasm : symptoms .,"des manifests : symptoms : causes : physiology - causes . sociology, sociology : treatments"
335,cardiogenic shock : diagnosis,cardiogenic shock : diagnosis of a comorbid .,cardiac arrhythmia|abnormal heart rhythms . ecg|electrocardiogram : diagnosis : diagnostic
336,diaphragmatic rupture : symptoms,diaphragmatic rupture : symptoms of a . ,breath sounds on the side of the rupture may be diminished . respiratory distress may be present . the chest or abdomen may be painful .
337,retinitis pigmentosa : physiology,retinitis pigmentosa : physiology ,retinal molecular pathway defect : physiology . elongated rhodopsin-induced chromophore : causes
338,periventricular leukomalacia : general,periventricular leukomalacia : symptomatic ,necrosis : physiologic physiology . symbiosis . hepatitis c .
339,atypical hemolytic uremic syndrome : symptoms,atypical hemolytic uremic syndrome . symptoms of a,complement-mediated tma . symptoms include abdominal pain and fatigue . comorbidities : symptoms : causes . causes
340,color vision : general,color vision : a brief overview of the state of the u,color vision in animals : physiology - physiologie : general . hepatitis c : symptoms : causes
341,attention deficit hyperactivity disorder : general,attention deficit hyperactivity disorder : a sympathetic disorder,"attention deficit hyperactivity disorder . he says symptoms include inattention, hyperactivity and impulsivity . they say symptoms can cause adversity : diagnosis"
342,visna-maedi virus : transmission,visna-maedi virus : transmission .,endemically infected sheep : transmission . fecal-oral transmission : physiology : diagnosis
343,peripheral neuropathy : treatments,peripheral neuropathy . a symptom asymptomatic .,neuropathic pain . he says treatments ranging from diabetes mellitus to prediabetes . neuropathy : treatments
344,odontogenic cyst : general,odontogenic cyst : a symptom of a,odontogenic cyst : physiology : causes physiological . physiologic syndrome : symptoms
345,acute necrotizing ulcerative gingivitis : symptoms,acute necrotizing ulcerative gingivitis : symptoms .,"interdental papillae . symptoms include halitosis, fever and cervical lymph node enlargement ."
346,sertoli cell-only syndrome : treatments,sertoli cell-only syndrome is a chronic disease . ,sertoli cell-only syndrome : physiology : treatments physiologique : treatment physiologies . azoospermia : diagnosis
347,subacute sclerosing panencephalitis : diagnosis,subacute sclerosing panencephalitis : diagnosis,merck manual of diagnosis and therapy|merck . sspe suspected in patients with neuromuscular irritability .
348,obliterative bronchiolitis : prevention,obliterative bronchiolitis : prevention .,obliterative bronchiolitis . hepatitis c - i - is a common symptom .
349,dermatitis herpetiformis : symptoms,dermatitis herpetiformis symptoms : symptoms .,"dermatitis herpetiformis . symptoms include itchy, chronic vesicular eruption ."
350,glioma : general,glioma is the most populous country in the world ,glioma . neoplasm|tumor - general . general : general physiology .
351,tardive dyskinesia : general,tardive dyskinesia : a symptom .,tardive dyskinesia : physiology . physiologic disorder : symptoms : causes physiologists
352,essential hypertension : physiology,essential hypertension : physiology . click here for more information,essential hypertension : physiology : causes : treatments : symptoms : diagnosis  diagnosis: treatments: treatments
353,dentin dysplasia : treatments,dentin dysplasia : treatments for the condition .,tooth deterioration : treatments - treatments : interventions . experts : treatment physiology of tooth disease : therapies
354,frostbite : prevention,frostbite is a common disease . it is common to,the wilderness medical society recommends covering the skin and scalp . supplemental oxygen may also be of use at high elevations . frostbite : prevention
355,idiopathic intracranial hypertension : treatments,idiopathic intracranial hypertension : treatments .,lumbar puncture : cure . iih : treatments physiology : treatment : prevention
356,spontaneous remission : general,spontaneous remission : a symptom of the brain .,spontane remission : physiology : treatments . physiologic relapse : cure - treatments
357,vaginitis : general,vaginitis is the most common disease in the world .,vaginitis : causes physiology : symptoms : treatments : diagnosis  physiologic sclerosis : general
358,tennis elbow : prevention,tennis elbow : prevention . click here for all the latest tennis news,lateral epicondylitis : physiology : prevention - prevention . expert: prevention of tennis elbow injury : treatments
359,whiplash (medicine) : symptoms,whiplash (medicine) symptoms : symptoms of a coma,"whiplash trauma . symptoms include aching to the neck and back . referred pain to the shoulders, sensory disturbance to the arms and legs ."
360,startle response : general,startle response : a resurgence in the u,startle response : physiology : causes physiologic : mechanisms . physiological psychiatric syndrome : symptoms
361,cri du chat syndrome : general,cri du chat syndrome is the most common disorder in the world .,cri du chat syndrome . causes chromosoma . symptoms include a sex-induced apoptosis .
362,renovascular hypertension : symptoms,renovascular hypertension . symptoms are common in the u,renovascular hypertension . symptoms include high blood pressure (early age) kidney dysfunction . pulmonary edema .
363,lecithin cholesterol acyltransferase deficiency : diagnosis,lecithin cholesterol acyltransferase defic,familial lcat deficiency . hepatitis c - a physiology : diagnosis : treatments
364,ototoxicity : symptoms,ototoxicity is a common disorder in the u.s,ototoxicity : physiology : symptoms . physiologic syndrome : treatments : diagnosis: treatments
365,papillary thyroid cancer : general,papillary thyroid cancer is a cancer characterized by a ,papillary thyroid cancer : physiology : causes . physiologic disease : treatments : symptoms : diagnosis
366,sleep : physiology,sleep physiology : a symbiosis,sleep inertia : physiology : treatments . physiologic relapse : symptoms : causes
367,huntington's disease : diagnosis,[{'summary_text': "huntington's disease is a rare disorder . it can cause"}],[{'summary_text': "huntington's disease-like syndrome : diagnosis physiology : treatments physiologique : diagnostic physiologies : symptoms : causes"}]
368,lipid pneumonia : symptoms,lipid pneumonia . symptoms are common in u.s. ,"the pneumonia . causes a foreign body reaction . symptoms include cough, dyspnea, and fever . a coma ."
369,ellis–van creveld syndrome : symptoms,ellis–van creveld syndrome . symptoms are common ,post-axial polydactyly congenital heart defect . hepatic dysplasia : causes . causes
370,hyperandrogenism : diagnosis,hyperandrogenism is the diagnosis of a symptom .,"hyperandrogenism . symptoms include age at thelarche, adrenarche and menarche . diagnosis"
371,bernard–soulier syndrome : treatments,bernard–soulier syndrome : treatments . ,heterozygote : physiology : treatments . vascular endothelial vascular injury : prevention
372,camurati–engelmann disease : diagnosis,camurati–engelmann disease : diagnosis and diagnosis .,camurati-engelmann disease : physiology : causes . symbiosis : symptoms
373,endometriosis : treatments,endometriosis treatment : treatments . a ,endometriosis : treatments - treatments : interventions : treatment : prevention : prévention  experts: treatments: treatments
374,diffuse idiopathic skeletal hyperostosis : treatments,diffuse idiopathic skeletal hyperostosis :,symptoms of pain and stiffness : treatments . symptomatic dish . treatments - treatments for inflammatory dish - physiology
375,neonatal jaundice : general,[{'summary_text': "neonatal jaundice : 'stupid'"}],"neonatal jaundice . symptoms include excess sleepiness, kernicterus . physiologic symptoms : treatments . consultant: treatments"
376,mastocytoma : symptoms,mastocytoma symptoms : symptoms . elg,mastocytosis : physiology : symptoms : causes . socioeconomic status : signs : treatments : diagnosis
377,septic arthritis : treatments,septic arthritis treatments : treatments . u.s.,aeruginosa : treatments : treatment : prevention : interventions - interventions : intervention : diagnosis . septic arthritis
378,substance dependence : general,substance dependence : systicism . u.,substance dependence : general . heaviness syndrome : diagnoses - diagnosis : diagnosis - diagnose : treatments
379,dermatitis : general,dermatitis : a sympathetic .,dermatitis . general general general . physiology : physiologies : treatments physiologiques – treatments – physiologic
380,pyloric stenosis : symptoms,pyloric stenosis : symptoms .,gastroesophageal reflux . symptoms include vomiting . bowel syndrome . syndrome : symptoms : diagnosis
381,sjögren–larsson syndrome : causes,sjögren–larsson syndrome : causes ,fatty aldehyde dehydrogenase deficiency . chromosome 17 : physiology
382,interoception : treatments,interoception is a treatment based on the findings of a,interoceptive disorder : treatments . physiological reversal of adolescent depression : treatment
383,sphincter of oddi dysfunction : general,oddi dysfunction : sphincter of oddi .,sphincter of oddi dysfunction : physiology : symptoms : causes . socioeconomic status : treatments
384,alien hand syndrome : causes,alien hand syndrome is a symptom of a brain injury .,alien hand syndrome : physiology - physiologie : causes : mechanisms physiologique . physiologic reversal : symptoms
385,fifth disease : treatments,fifth disease is a chronic disease . it is referred to as,antipyretics : treatments . hepatitis c . hepatosis : treatment
386,keloid : causes,keloid : causes of a sympathetic disorder,keloid scarring : physiology - causes : causes physiologic . ephemeral syndrome : symptoms
387,jejunum : general,[{'summary_text': "jejunum : what is the world's most important topic "}],jejunum . is a small intestine . the lining is specialized for absorption by enterocytes of small nutrient molecules .
388,metatarsalgia : diagnosis,metatarsalgia : diagnosis of . .,[{'summary_text': "diagnosis varies from diagnosis to diagnosis . diagnosis is often done by patient self report . a diagnosis can be attributed to a patient's symptoms ."}]
389,hemianopsia : general,hemianopsia is the most populous country in the,"hemianopsia, or hemianopia . hexadecimal hemosis : general"
390,overweight : causes,overweight are the causes . : if you are looking for ,overweight . causes include diabetes mellitus type 1 diabetes . symptoms of diabetes : causes physiology . diagnosis : symptoms
391,psychological refractory period : general,psychological refractory period : a recurrent period ,psychological refractory period : physiology - general : general - physiologic - psychology . san francisco-based research : treatments
392,colorado tick fever : diagnosis,colorado tick fever is the most common symptom in the world,colorado tick fever : symptoms - symptoms . symptoms : diagnosis : treatments . diagnosis: treatments: treatments
393,lactic acidosis : general,lactic acidosis : a common symptom .,"lactic acidosis . he says symptoms include nausea, vomiting, kussmaul breathing . disease : causes"
394,gastric antral vascular ectasia : physiology,gastric antral vascular ectasia : physio,sclerosis : diagnostic physiology : diagnosis physiologic . hepatitis c – a diagnosis
395,extrapulmonary tuberculosis : general,extrapulmonary tuberculosis : a general .,extrapulmonary tuberculosis . hepatitis c : physiology : causes physiologic : symptoms
396,cone dystrophy : physiology,cone dystrophy physiology : physio . .,cone dystrophy : physiology : causes . hepatitis c : symptoms : diagnosis
397,chondroma : diagnosis,chondroma : diagnosis . hepatitis,enchondroma : definition : classification . esophageal chondriac : diagnosis
398,glycogen storage disease type ii : symptoms,glycogen storage disease type ii . symptoms are not uncommon ,newborn the infantile form . symptoms include floppy baby appearance and hepatomegaly . symptomatic symptoms : symptoms
399,balantidiasis : symptoms,balantidiasis symptoms : symptoms of a coma,intestinal mucosa . symptoms include diarrhea or constipation . bowel syndrome : symptoms . diagnosis : diagnosis 
400,holocarboxylase synthetase deficiency : diagnosis,holocarboxylase synthetase defic,holocarboxylase synthetase deficiency . he says symptoms can cause coma .
401,ergotism : general,ergotism is the most common disease in the world .,long-term ergot poisoning . ergotoxicosis : physiology : causes . causes : treatments
402,meigs' syndrome : treatments,[{'summary_text': "meigs' syndrome is a chronic disease . it is"}],[{'summary_text': "meigs' syndrome . treatment consists of thoracentesis . oophorectomy : treatments"}]
403,tularemia : causes,tularemia is the cause of a coma .,francisella tularensis . hepatitis c : physiology : causes . causes
404,dextrocardia : treatments,dextrocardia is a chronic disease . it,dextrocardia : physiology - diagnosis : diagnosis . physiologic ecg leads : orthology
405,rumination syndrome : causes,rumination syndrome : causes of . a .,"rumination syndrome . causes of symptoms include over-stimulation from parents . symptoms include depression , depression and depression . physiology"
406,myxoma : symptoms,myxoma symptoms : symptoms . eli,pedunculated myxoma . symptoms include dyspnea on exertion paroxysmal nocturnal dyspnosis .
407,mitral insufficiency : symptoms,mitral insufficiency symptoms : symptoms . .,"congestive heart failure . symptoms include fatigue, shortness of breath . systolic tachycardia ."
408,hereditary spastic paraplegia : treatments,hereditary spastic paraplegia : treatments .,hsp : treatments physiology - treatments - physiotherapy - interventions . physiologic symbiosis . treatments
409,transfusion-related acute lung injury : physiology,transfusion-related acute lung injury : physiology and physio,trali : risk : physiology : causes . socio-political fibrosis : symptoms
410,proctocolitis : general,proctocolitis is a serious disease . it can cause,proctocolitis . general . term . : physiology . : symptoms : treatments
411,head and neck cancer : causes,head and neck cancer are the causes of a coma .,head and neck cancer : physiology : prevention : treatments for cancer - treatments : interventions . consultant: prevention
412,subclavian steal syndrome : physiology,subclavian steal syndrome : physiology . .,sss : physiology : symptoms : causes . hepatitis c : treatments
413,schistosoma japonicum : prevention,schistosoma japonicum : prevention .,schistosomiasis : physiology - prevention : treatments . experts: treatments to treat scoliosomia : prevention
414,cutaneous leishmaniasis : symptoms,cutaneous leishmaniasis . symptoms : symptoms .,post kala-azar dermal leishmaniasis : physiology : diagnosis . physiologic leid arthritis : treatments
415,coagulopathy : treatments,coagulopathy is a treatment for a symptom . ,coagulopathy : treatments physiology - treatments - physiotherapy - interventions . socio-political vascular disease : treatment
416,abusive head trauma : physiology,abusive head trauma . physiology : physiotherapy .,traumatic shaking of a baby : physiology : causes . skeptics say shaking of baby aht is dangerous and fatal . he says it can be fatal if he or she is shaken .
